[{"model": "admin.logentry", "pk": 1, "fields": {"action_time": "2021-12-17T14:29:18.747Z", "user": 1, "content_type": 9, "object_id": "1", "object_repr": "Basket object (1)", "action_flag": 1, "change_message": "[{\"added\": {}}]"}}, {"model": "admin.logentry", "pk": 2, "fields": {"action_time": "2021-12-17T15:42:44.484Z", "user": 1, "content_type": 9, "object_id": "5", "object_repr": "Basket object (5)", "action_flag": 3, "change_message": ""}}, {"model": "admin.logentry", "pk": 3, "fields": {"action_time": "2021-12-17T15:42:44.591Z", "user": 1, "content_type": 9, "object_id": "4", "object_repr": "Basket object (4)", "action_flag": 3, "change_message": ""}}, {"model": "auth.permission", "pk": 1, "fields": {"name": "Can add permission", "content_type": 1, "codename": "add_permission"}}, {"model": "auth.permission", "pk": 2, "fields": {"name": "Can change permission", "content_type": 1, "codename": "change_permission"}}, {"model": "auth.permission", "pk": 3, "fields": {"name": "Can delete permission", "content_type": 1, "codename": "delete_permission"}}, {"model": "auth.permission", "pk": 4, "fields": {"name": "Can view permission", "content_type": 1, "codename": "view_permission"}}, {"model": "auth.permission", "pk": 5, "fields": {"name": "Can add group", "content_type": 2, "codename": "add_group"}}, {"model": "auth.permission", "pk": 6, "fields": {"name": "Can change group", "content_type": 2, "codename": "change_group"}}, {"model": "auth.permission", "pk": 7, "fields": {"name": "Can delete group", "content_type": 2, "codename": "delete_group"}}, {"model": "auth.permission", "pk": 8, "fields": {"name": "Can view group", "content_type": 2, "codename": "view_group"}}, {"model": "auth.permission", "pk": 9, "fields": {"name": "Can add content type", "content_type": 3, "codename": "add_contenttype"}}, {"model": "auth.permission", "pk": 10, "fields": {"name": "Can change content type", "content_type": 3, "codename": "change_contenttype"}}, {"model": "auth.permission", "pk": 11, "fields": {"name": "Can delete content type", "content_type": 3, "codename": "delete_contenttype"}}, {"model": "auth.permission", "pk": 12, "fields": {"name": "Can view content type", "content_type": 3, "codename": "view_contenttype"}}, {"model": "auth.permission", "pk": 13, "fields": {"name": "Can add user", "content_type": 4, "codename": "add_shopuser"}}, {"model": "auth.permission", "pk": 14, "fields": {"name": "Can change user", "content_type": 4, "codename": "change_shopuser"}}, {"model": "auth.permission", "pk": 15, "fields": {"name": "Can delete user", "content_type": 4, "codename": "delete_shopuser"}}, {"model": "auth.permission", "pk": 16, "fields": {"name": "Can view user", "content_type": 4, "codename": "view_shopuser"}}, {"model": "auth.permission", "pk": 17, "fields": {"name": "Can add log entry", "content_type": 5, "codename": "add_logentry"}}, {"model": "auth.permission", "pk": 18, "fields": {"name": "Can change log entry", "content_type": 5, "codename": "change_logentry"}}, {"model": "auth.permission", "pk": 19, "fields": {"name": "Can delete log entry", "content_type": 5, "codename": "delete_logentry"}}, {"model": "auth.permission", "pk": 20, "fields": {"name": "Can view log entry", "content_type": 5, "codename": "view_logentry"}}, {"model": "auth.permission", "pk": 21, "fields": {"name": "Can add session", "content_type": 6, "codename": "add_session"}}, {"model": "auth.permission", "pk": 22, "fields": {"name": "Can change session", "content_type": 6, "codename": "change_session"}}, {"model": "auth.permission", "pk": 23, "fields": {"name": "Can delete session", "content_type": 6, "codename": "delete_session"}}, {"model": "auth.permission", "pk": 24, "fields": {"name": "Can view session", "content_type": 6, "codename": "view_session"}}, {"model": "auth.permission", "pk": 25, "fields": {"name": "Can add product category", "content_type": 7, "codename": "add_productcategory"}}, {"model": "auth.permission", "pk": 26, "fields": {"name": "Can change product category", "content_type": 7, "codename": "change_productcategory"}}, {"model": "auth.permission", "pk": 27, "fields": {"name": "Can delete product category", "content_type": 7, "codename": "delete_productcategory"}}, {"model": "auth.permission", "pk": 28, "fields": {"name": "Can view product category", "content_type": 7, "codename": "view_productcategory"}}, {"model": "auth.permission", "pk": 29, "fields": {"name": "Can add product", "content_type": 8, "codename": "add_product"}}, {"model": "auth.permission", "pk": 30, "fields": {"name": "Can change product", "content_type": 8, "codename": "change_product"}}, {"model": "auth.permission", "pk": 31, "fields": {"name": "Can delete product", "content_type": 8, "codename": "delete_product"}}, {"model": "auth.permission", "pk": 32, "fields": {"name": "Can view product", "content_type": 8, "codename": "view_product"}}, {"model": "auth.permission", "pk": 33, "fields": {"name": "Can add basket", "content_type": 9, "codename": "add_basket"}}, {"model": "auth.permission", "pk": 34, "fields": {"name": "Can change basket", "content_type": 9, "codename": "change_basket"}}, {"model": "auth.permission", "pk": 35, "fields": {"name": "Can delete basket", "content_type": 9, "codename": "delete_basket"}}, {"model": "auth.permission", "pk": 36, "fields": {"name": "Can view basket", "content_type": 9, "codename": "view_basket"}}, {"model": "auth.permission", "pk": 37, "fields": {"name": "Can add association", "content_type": 10, "codename": "add_association"}}, {"model": "auth.permission", "pk": 38, "fields": {"name": "Can change association", "content_type": 10, "codename": "change_association"}}, {"model": "auth.permission", "pk": 39, "fields": {"name": "Can delete association", "content_type": 10, "codename": "delete_association"}}, {"model": "auth.permission", "pk": 40, "fields": {"name": "Can view association", "content_type": 10, "codename": "view_association"}}, {"model": "auth.permission", "pk": 41, "fields": {"name": "Can add code", "content_type": 11, "codename": "add_code"}}, {"model": "auth.permission", "pk": 42, "fields": {"name": "Can change code", "content_type": 11, "codename": "change_code"}}, {"model": "auth.permission", "pk": 43, "fields": {"name": "Can delete code", "content_type": 11, "codename": "delete_code"}}, {"model": "auth.permission", "pk": 44, "fields": {"name": "Can view code", "content_type": 11, "codename": "view_code"}}, {"model": "auth.permission", "pk": 45, "fields": {"name": "Can add nonce", "content_type": 12, "codename": "add_nonce"}}, {"model": "auth.permission", "pk": 46, "fields": {"name": "Can change nonce", "content_type": 12, "codename": "change_nonce"}}, {"model": "auth.permission", "pk": 47, "fields": {"name": "Can delete nonce", "content_type": 12, "codename": "delete_nonce"}}, {"model": "auth.permission", "pk": 48, "fields": {"name": "Can view nonce", "content_type": 12, "codename": "view_nonce"}}, {"model": "auth.permission", "pk": 49, "fields": {"name": "Can add user social auth", "content_type": 13, "codename": "add_usersocialauth"}}, {"model": "auth.permission", "pk": 50, "fields": {"name": "Can change user social auth", "content_type": 13, "codename": "change_usersocialauth"}}, {"model": "auth.permission", "pk": 51, "fields": {"name": "Can delete user social auth", "content_type": 13, "codename": "delete_usersocialauth"}}, {"model": "auth.permission", "pk": 52, "fields": {"name": "Can view user social auth", "content_type": 13, "codename": "view_usersocialauth"}}, {"model": "auth.permission", "pk": 53, "fields": {"name": "Can add partial", "content_type": 14, "codename": "add_partial"}}, {"model": "auth.permission", "pk": 54, "fields": {"name": "Can change partial", "content_type": 14, "codename": "change_partial"}}, {"model": "auth.permission", "pk": 55, "fields": {"name": "Can delete partial", "content_type": 14, "codename": "delete_partial"}}, {"model": "auth.permission", "pk": 56, "fields": {"name": "Can view partial", "content_type": 14, "codename": "view_partial"}}, {"model": "auth.permission", "pk": 57, "fields": {"name": "Can add shop user profile", "content_type": 15, "codename": "add_shopuserprofile"}}, {"model": "auth.permission", "pk": 58, "fields": {"name": "Can change shop user profile", "content_type": 15, "codename": "change_shopuserprofile"}}, {"model": "auth.permission", "pk": 59, "fields": {"name": "Can delete shop user profile", "content_type": 15, "codename": "delete_shopuserprofile"}}, {"model": "auth.permission", "pk": 60, "fields": {"name": "Can view shop user profile", "content_type": 15, "codename": "view_shopuserprofile"}}, {"model": "auth.permission", "pk": 61, "fields": {"name": "Can add заказ", "content_type": 16, "codename": "add_order"}}, {"model": "auth.permission", "pk": 62, "fields": {"name": "Can change заказ", "content_type": 16, "codename": "change_order"}}, {"model": "auth.permission", "pk": 63, "fields": {"name": "Can delete заказ", "content_type": 16, "codename": "delete_order"}}, {"model": "auth.permission", "pk": 64, "fields": {"name": "Can view заказ", "content_type": 16, "codename": "view_order"}}, {"model": "auth.permission", "pk": 65, "fields": {"name": "Can add order item", "content_type": 17, "codename": "add_orderitem"}}, {"model": "auth.permission", "pk": 66, "fields": {"name": "Can change order item", "content_type": 17, "codename": "change_orderitem"}}, {"model": "auth.permission", "pk": 67, "fields": {"name": "Can delete order item", "content_type": 17, "codename": "delete_orderitem"}}, {"model": "auth.permission", "pk": 68, "fields": {"name": "Can view order item", "content_type": 17, "codename": "view_orderitem"}}, {"model": "mainapp.productcategory", "pk": 1, "fields": {"name": "стулья", "description": "надежная опора", "is_active": true}}, {"model": "mainapp.productcategory", "pk": 2, "fields": {"name": "кресла", "description": "непревзойденное сочетание удобства и комфорта", "is_active": true}}, {"model": "mainapp.productcategory", "pk": 3, "fields": {"name": "диваны", "description": "В данной категории Вы можете ознакомиться с ассортиментом диванов представленных в нашем интернет-магазине.", "is_active": true}}, {"model": "mainapp.productcategory", "pk": 4, "fields": {"name": "кровати", "description": "качественные кровати", "is_active": false}}, {"model": "mainapp.productcategory", "pk": 5, "fields": {"name": "шезлонги", "description": "шезлонги для спокойного отдыха", "is_active": false}}, {"model": "mainapp.productcategory", "pk": 6, "fields": {"name": "Гамаки", "description": "Элегантные решения для любого интерьера", "is_active": false}}, {"model": "mainapp.productcategory", "pk": 7, "fields": {"name": "модерн", "description": "Элегантные решения для Вашего интерьера. Посмотрите наши товары в категории \"Модерн\".", "is_active": true}}, {"model": "mainapp.product", "pk": 1, "fields": {"category": 1, "name": "трон", "image": "products_images/product-85.jpg", "short_desc": "почувствуйте себя правителем", "description": "данный стул стилизован под трон, маленький но трон. Приходите - покупайте.", "price": "9487.65", "quantity": 126, "is_active": true}}, {"model": "mainapp.product", "pk": 2, "fields": {"category": 1, "name": "мягкий стул", "image": "products_images/product-84.jpg", "short_desc": "почувствуйте непревзойденную мягкость бытия", "description": "качественные материалы повышенного качества", "price": "6526.50", "quantity": 22, "is_active": true}}, {"model": "mainapp.product", "pk": 3, "fields": {"category": 2, "name": "Юпитер-18", "image": "products_images/product-82.jpg", "short_desc": "удобное, поворотное кресло с микролифтом.", "description": "Данное кресло оборудовано системой амортизации, микролифтом, возможностью вращения на 180 Гр. Можно адаптировать для любого рабочего места. Материал обшивки - износостойкая экокожа. Доступны в различных цветовых гаммах.", "price": "8451.00", "quantity": 20, "is_active": true}}, {"model": "mainapp.product", "pk": 4, "fields": {"category": 1, "name": "удобный стул", "image": "products_images/product-81.jpg", "short_desc": "настоящая забота о своей осанке.", "description": "отличное сочетание цены и качества.", "price": "5531.85", "quantity": 96, "is_active": true}}, {"model": "mainapp.product", "pk": 5, "fields": {"category": 2, "name": "кожаное кресло", "image": "products_images/product-83.jpg", "short_desc": "для тех кто любит настоящий комфорт.", "description": "изготовлено из шкуры последнего мамонта заблудившегося в брянских лесах.", "price": "15072.00", "quantity": 10, "is_active": true}}, {"model": "mainapp.product", "pk": 6, "fields": {"category": 1, "name": "Смайл-14", "image": "products_images/product-4_0DpKswu.jpg", "short_desc": "удобный, легкий стул с современным дизайном", "description": "Недорогой стул с тканевой обивкой в дизайнерском исполнении.", "price": "4332.95", "quantity": 91, "is_active": true}}, {"model": "mainapp.product", "pk": 7, "fields": {"category": 3, "name": "метеор-82", "image": "products_images/product-3-sm_yrEpT1h.jpg", "short_desc": "Превосходный комфорт", "description": "Диван с тканевой обивкой, от которой легко оттираются любые загрязнения - подойдет для любой вечеринки.", "price": "15800.00", "quantity": 15, "is_active": true}}, {"model": "mainapp.product", "pk": 8, "fields": {"category": 7, "name": "Радуга-15", "image": "products_images/product-11_QU52OVW.jpg", "short_desc": "Светильник в стиле модерн.", "description": "Уютный светильник позволит придать индивидуальности вашей комнате, подчеркнет стиль и вкус владельца, а также может быть удачным решением для дополнительного освещения.", "price": "3200.00", "quantity": 49, "is_active": true}}, {"model": "authapp.shopuser", "pk": 1, "fields": {"password": "pbkdf2_sha256$260000$hb67PhL4zKjJMpssv8fZtU$/H92WH/9HRsDR3DE+zbSazx8Kvn1P5gPHY0c5JoZXFk=", "last_login": "2022-02-17T21:40:36.648Z", "is_superuser": true, "username": "django", "first_name": "Django", "last_name": "django", "email": "django@geekshop.local", "is_staff": true, "is_active": true, "date_joined": "2021-12-17T13:37:59Z", "avatar": "users_avatars/django-avatar.jpg", "age": 33, "activation_key": "", "activation_key_expires": "2022-01-17T09:31:36Z", "groups": [], "user_permissions": []}}, {"model": "authapp.shopuserprofile", "pk": 1, "fields": {"user": 1, "tagline": "Django", "aboutMe": "Назван в честь Django Reinhard", "gender": "M"}}, {"model": "basketapp.basket", "pk": 84, "fields": {"user": 1, "product": 4, "quantity": 1, "add_datetime": "2022-02-17T21:40:50.450Z"}}, {"model": "basketapp.basket", "pk": 85, "fields": {"user": 1, "product": 8, "quantity": 1, "add_datetime": "2022-02-17T21:41:17.784Z"}}, {"model": "ordersapp.order", "pk": 1, "fields": {"user": 1, "created": "2022-01-25T16:00:03.542Z", "updated": "2022-02-13T00:09:45.126Z", "status": "STP", "is_active": false}}, {"model": "ordersapp.order", "pk": 2, "fields": {"user": 1, "created": "2022-01-25T16:17:33.507Z", "updated": "2022-01-28T15:17:55.331Z", "status": "FM", "is_active": false}}, {"model": "ordersapp.order", "pk": 3, "fields": {"user": 1, "created": "2022-01-25T16:19:17.047Z", "updated": "2022-01-28T15:18:09.630Z", "status": "STP", "is_active": true}}, {"model": "ordersapp.order", "pk": 4, "fields": {"user": 1, "created": "2022-01-25T16:41:32.858Z", "updated": "2022-01-28T15:17:43.759Z", "status": "FM", "is_active": false}}, {"model": "ordersapp.order", "pk": 8, "fields": {"user": 1, "created": "2022-01-28T15:18:26.816Z", "updated": "2022-01-28T15:33:43.229Z", "status": "STP", "is_active": true}}, {"model": "ordersapp.order", "pk": 9, "fields": {"user": 1, "created": "2022-01-28T15:22:37.529Z", "updated": "2022-01-30T10:31:13.625Z", "status": "FM", "is_active": false}}, {"model": "ordersapp.order", "pk": 10, "fields": {"user": 1, "created": "2022-01-28T15:33:54.383Z", "updated": "2022-01-30T10:26:16.517Z", "status": "FM", "is_active": false}}, {"model": "ordersapp.order", "pk": 11, "fields": {"user": 1, "created": "2022-01-30T10:29:35.245Z", "updated": "2022-01-30T10:29:50.759Z", "status": "FM", "is_active": false}}, {"model": "ordersapp.order", "pk": 12, "fields": {"user": 1, "created": "2022-01-30T11:26:39.051Z", "updated": "2022-01-30T11:27:19.632Z", "status": "FM", "is_active": false}}, {"model": "ordersapp.order", "pk": 13, "fields": {"user": 1, "created": "2022-01-30T19:54:38.700Z", "updated": "2022-01-30T22:46:20.934Z", "status": "FM", "is_active": false}}, {"model": "ordersapp.order", "pk": 14, "fields": {"user": 1, "created": "2022-01-30T20:21:51.339Z", "updated": "2022-01-30T22:32:43.568Z", "status": "FM", "is_active": false}}, {"model": "ordersapp.order", "pk": 15, "fields": {"user": 1, "created": "2022-01-30T21:33:50.027Z", "updated": "2022-01-30T22:00:50.295Z", "status": "FM", "is_active": false}}, {"model": "ordersapp.order", "pk": 16, "fields": {"user": 1, "created": "2022-01-30T21:59:51.783Z", "updated": "2022-01-30T22:00:32.400Z", "status": "FM", "is_active": false}}, {"model": "ordersapp.order", "pk": 17, "fields": {"user": 1, "created": "2022-01-30T22:20:51.730Z", "updated": "2022-01-30T22:21:05.460Z", "status": "FM", "is_active": false}}, {"model": "ordersapp.order", "pk": 18, "fields": {"user": 1, "created": "2022-01-30T23:18:44.839Z", "updated": "2022-01-30T23:19:19.090Z", "status": "FM", "is_active": false}}, {"model": "ordersapp.order", "pk": 19, "fields": {"user": 1, "created": "2022-01-30T23:20:40.351Z", "updated": "2022-01-30T23:28:48.499Z", "status": "FM", "is_active": false}}, {"model": "ordersapp.order", "pk": 20, "fields": {"user": 1, "created": "2022-01-30T23:24:55.211Z", "updated": "2022-01-30T23:25:07.676Z", "status": "FM", "is_active": false}}, {"model": "ordersapp.order", "pk": 21, "fields": {"user": 1, "created": "2022-01-30T23:29:06.957Z", "updated": "2022-01-31T19:09:29.393Z", "status": "FM", "is_active": true}}, {"model": "ordersapp.order", "pk": 22, "fields": {"user": 1, "created": "2022-01-30T23:48:30.462Z", "updated": "2022-01-30T23:49:10.983Z", "status": "FM", "is_active": false}}, {"model": "ordersapp.order", "pk": 23, "fields": {"user": 1, "created": "2022-01-30T23:53:08.484Z", "updated": "2022-01-30T23:53:35.789Z", "status": "FM", "is_active": false}}, {"model": "ordersapp.order", "pk": 24, "fields": {"user": 1, "created": "2022-01-31T12:39:04.483Z", "updated": "2022-01-31T19:08:59.415Z", "status": "FM", "is_active": false}}, {"model": "ordersapp.order", "pk": 25, "fields": {"user": 1, "created": "2022-01-31T16:32:17.942Z", "updated": "2022-01-31T19:07:11.967Z", "status": "FM", "is_active": false}}, {"model": "ordersapp.order", "pk": 26, "fields": {"user": 1, "created": "2022-01-31T19:10:34.406Z", "updated": "2022-02-01T10:24:00.746Z", "status": "FM", "is_active": false}}, {"model": "ordersapp.order", "pk": 27, "fields": {"user": 1, "created": "2022-01-31T20:29:41.336Z", "updated": "2022-01-31T20:29:41.653Z", "status": "FM", "is_active": false}}, {"model": "ordersapp.order", "pk": 28, "fields": {"user": 1, "created": "2022-01-31T20:39:40.814Z", "updated": "2022-01-31T22:03:05.131Z", "status": "FM", "is_active": false}}, {"model": "ordersapp.order", "pk": 29, "fields": {"user": 1, "created": "2022-02-01T10:40:30.745Z", "updated": "2022-02-07T12:33:57.649Z", "status": "FM", "is_active": true}}, {"model": "ordersapp.order", "pk": 31, "fields": {"user": 1, "created": "2022-02-15T12:15:28.632Z", "updated": "2022-02-15T22:41:20.786Z", "status": "FM", "is_active": true}}, {"model": "ordersapp.order", "pk": 33, "fields": {"user": 1, "created": "2022-02-15T12:37:26.913Z", "updated": "2022-02-15T12:39:58.242Z", "status": "FM", "is_active": false}}, {"model": "ordersapp.orderitem", "pk": 1, "fields": {"order": 1, "product": 1, "quantity": 3}}, {"model": "ordersapp.orderitem", "pk": 2, "fields": {"order": 2, "product": 5, "quantity": 3}}, {"model": "ordersapp.orderitem", "pk": 3, "fields": {"order": 3, "product": 4, "quantity": 2}}, {"model": "ordersapp.orderitem", "pk": 4, "fields": {"order": 4, "product": 3, "quantity": 3}}, {"model": "ordersapp.orderitem", "pk": 10, "fields": {"order": 4, "product": 5, "quantity": 1}}, {"model": "ordersapp.orderitem", "pk": 11, "fields": {"order": 4, "product": 2, "quantity": 2}}, {"model": "ordersapp.orderitem", "pk": 12, "fields": {"order": 8, "product": 5, "quantity": 3}}, {"model": "ordersapp.orderitem", "pk": 13, "fields": {"order": 8, "product": 4, "quantity": 1}}, {"model": "ordersapp.orderitem", "pk": 14, "fields": {"order": 9, "product": 7, "quantity": 1}}, {"model": "ordersapp.orderitem", "pk": 15, "fields": {"order": 9, "product": 6, "quantity": 4}}, {"model": "ordersapp.orderitem", "pk": 16, "fields": {"order": 10, "product": 5, "quantity": 2}}, {"model": "ordersapp.orderitem", "pk": 17, "fields": {"order": 10, "product": 3, "quantity": 3}}, {"model": "ordersapp.orderitem", "pk": 18, "fields": {"order": 10, "product": 4, "quantity": 3}}, {"model": "ordersapp.orderitem", "pk": 19, "fields": {"order": 11, "product": 5, "quantity": 1}}, {"model": "ordersapp.orderitem", "pk": 20, "fields": {"order": 11, "product": 4, "quantity": 5}}, {"model": "ordersapp.orderitem", "pk": 22, "fields": {"order": 9, "product": 4, "quantity": 5}}, {"model": "ordersapp.orderitem", "pk": 23, "fields": {"order": 12, "product": 1, "quantity": 10}}, {"model": "ordersapp.orderitem", "pk": 24, "fields": {"order": 13, "product": 1, "quantity": 10}}, {"model": "ordersapp.orderitem", "pk": 25, "fields": {"order": 13, "product": 3, "quantity": 8}}, {"model": "ordersapp.orderitem", "pk": 26, "fields": {"order": 14, "product": 1, "quantity": 100}}, {"model": "ordersapp.orderitem", "pk": 27, "fields": {"order": 14, "product": 1, "quantity": 5}}, {"model": "ordersapp.orderitem", "pk": 28, "fields": {"order": 15, "product": 7, "quantity": 2}}, {"model": "ordersapp.orderitem", "pk": 29, "fields": {"order": 16, "product": 5, "quantity": 3}}, {"model": "ordersapp.orderitem", "pk": 30, "fields": {"order": 17, "product": 3, "quantity": 4}}, {"model": "ordersapp.orderitem", "pk": 31, "fields": {"order": 18, "product": 2, "quantity": 3}}, {"model": "ordersapp.orderitem", "pk": 32, "fields": {"order": 19, "product": 2, "quantity": 7}}, {"model": "ordersapp.orderitem", "pk": 33, "fields": {"order": 20, "product": 2, "quantity": 17}}, {"model": "ordersapp.orderitem", "pk": 35, "fields": {"order": 22, "product": 3, "quantity": 1}}, {"model": "ordersapp.orderitem", "pk": 36, "fields": {"order": 22, "product": 4, "quantity": 2}}, {"model": "ordersapp.orderitem", "pk": 37, "fields": {"order": 23, "product": 4, "quantity": 2}}, {"model": "ordersapp.orderitem", "pk": 38, "fields": {"order": 21, "product": 1, "quantity": 2}}, {"model": "ordersapp.orderitem", "pk": 39, "fields": {"order": 24, "product": 3, "quantity": 6}}, {"model": "ordersapp.orderitem", "pk": 40, "fields": {"order": 24, "product": 5, "quantity": 1}}, {"model": "ordersapp.orderitem", "pk": 41, "fields": {"order": 24, "product": 1, "quantity": 2}}, {"model": "ordersapp.orderitem", "pk": 42, "fields": {"order": 25, "product": 2, "quantity": 10}}, {"model": "ordersapp.orderitem", "pk": 43, "fields": {"order": 24, "product": 2, "quantity": 2}}, {"model": "ordersapp.orderitem", "pk": 45, "fields": {"order": 28, "product": 1, "quantity": 2}}, {"model": "ordersapp.orderitem", "pk": 46, "fields": {"order": 28, "product": 3, "quantity": 1}}, {"model": "ordersapp.orderitem", "pk": 47, "fields": {"order": 29, "product": 5, "quantity": 1}}, {"model": "ordersapp.orderitem", "pk": 48, "fields": {"order": 29, "product": 6, "quantity": 2}}, {"model": "ordersapp.orderitem", "pk": 49, "fields": {"order": 29, "product": 4, "quantity": 1}}, {"model": "ordersapp.orderitem", "pk": 53, "fields": {"order": 31, "product": 6, "quantity": 2}}, {"model": "ordersapp.orderitem", "pk": 54, "fields": {"order": 31, "product": 4, "quantity": 2}}, {"model": "ordersapp.orderitem", "pk": 57, "fields": {"order": 33, "product": 7, "quantity": 1}}, {"model": "ordersapp.orderitem", "pk": 58, "fields": {"order": 31, "product": 7, "quantity": 0}}]