[{"model": "admin.logentry", "pk": 1, "fields": {"action_time": "2021-12-17T14:29:18.747Z", "user": 1, "content_type": 9, "object_id": "1", "object_repr": "Basket object (1)", "action_flag": 1, "change_message": "[{\"added\": {}}]"}}, {"model": "admin.logentry", "pk": 2, "fields": {"action_time": "2021-12-17T15:42:44.484Z", "user": 1, "content_type": 9, "object_id": "5", "object_repr": "Basket object (5)", "action_flag": 3, "change_message": ""}}, {"model": "admin.logentry", "pk": 3, "fields": {"action_time": "2021-12-17T15:42:44.591Z", "user": 1, "content_type": 9, "object_id": "4", "object_repr": "Basket object (4)", "action_flag": 3, "change_message": ""}}, {"model": "sessions.session", "pk": "1pi9l5xgt0r4h8hxbid2dabwhc0g6p2d", "fields": {"session_data": ".eJxVjLsOAiEUBf-F2hAubyzt_QZyecmqgWTZrYz_riRbaHtm5ryIx32rfh959UsiZwLk9LsFjI_cJkh3bLdOY2_bugQ6FXrQQa895eflcP8OKo46a6lCQG40KoSSM3BkwqZYbBLSxowALBonuQoiauDOqpAcKwa-lhSavD_3RDfG:1nDSoy:G5zmK8Sio3HdibmqidBxcSZt1mBJ_mNl_5FuTAIHudk", "expire_date": "2022-02-11T15:05:52.128Z"}}, {"model": "sessions.session", "pk": "3arb059aoglkkg5f7gkf3behb27ijqmz", "fields": {"session_data": ".eJxVj8tqwzAQRf9F69aVZSuSsytdBNJFCU1C442YkeQHMnaJZKcl9N8rFxOa7RnOvXeupLdfgazJE3kgk3scYAwNUz5AsJEe8APL6lhnp2lTfm_fL2Z03DS7nfsc-5e9jZKaDTV6e1atiUrK7yGCdrafL37QLXRKD2ebLNQnk0uOr2_Pc-u914BvosQFszlbARZC5EYjByqBV9KILNcyNaiZXNEcAbMUU0MpFgWjDGRFUVR2HrP0_kV34IPqhrrt_w27_U1-fgGDq1pX:1nAZiL:bJVOxdCVsmuMmvjoRf4FxJGPDJRDS1QPf6Cnjyfa2OU", "expire_date": "2022-02-03T15:51:05.431Z"}}, {"model": "sessions.session", "pk": "4yq6v646y33sihbcrn2ea18gwm90xgdw", "fields": {"session_data": ".eJxVjMsOwiAURP-FtSE8Lpfq0r3fQIALUjWQlHZl_Hdp0oWuJplzZt7M-W0tbutpcTOxCwN2-u2Cj89Ud0APX--Nx1bXZQ58V_hBO781Sq_r4f4dFN_LWEuyASCDtDKQQQnRkAAFKJLWYKVB8sFYVCIPL46AadhqMpjPGgX7fAG66zZ3:1nC62l:ndpt-wld3u3AkEqo1x6uH502QR03rnSyDnoTicOY-Zg", "expire_date": "2022-02-07T20:34:27.960Z"}}, {"model": "sessions.session", "pk": "70v3e84iskrw9mrz6onbwo8ynlyi7upg", "fields": {"session_data": ".eJxVjLsOAiEUBf-F2hAubyzt_QZyecmqgWTZrYz_riRbaHtm5ryIx32rfh959UsiZwLk9LsFjI_cJkh3bLdOY2_bugQ6FXrQQa895eflcP8OKo46a6lCQG40KoSSM3BkwqZYbBLSxowALBonuQoiauDOqpAcKwa-lhSavD_3RDfG:1n0WK3:vLgnF2ggi3-q7HESMLvBDsKKJtKgtT25JphVXXYi2hU", "expire_date": "2022-01-06T22:12:27.512Z"}}, {"model": "sessions.session", "pk": "8sio13csr90kqqhaf0waly97o8xaim72", "fields": {"session_data": ".eJxVj8EKwjAQRP8lZ62madPEm4pehApSRbyETUxsaWmgSUUU_91URPT6hjez-0Ctvnk0QxM0Qtd6bKH3ZSycB68D1bc6v9i7zYvFrkiPi2W_L7pTvjriPNmsexkkMRiid7oT1TkoMfmHElSt2yFxVlXQCGU7HX2oi651dNhs58Pqv1eCK4OUGTA6NpTJs6KpAsynkpEpI5QxTrnkVBNmYmwyKTHFlGGVmURiAsBpkqSh9LP7rm7AedHYS9X-HPb9Gz1fxEFZFg:1nChL8:8bukb9MVdlV9SqXGKpI4BzQVXN2faooojqtt7n0fGbw", "expire_date": "2022-02-09T12:23:54.578Z"}}, {"model": "sessions.session", "pk": "aixgbjomvvjzgk6ib1nujbgmcokgf5dt", "fields": {"session_data": ".eJxVjLsOAiEUBf-F2hAubyzt_QZyecmqgWTZrYz_riRbaHtm5ryIx32rfh959UsiZwLk9LsFjI_cJkh3bLdOY2_bugQ6FXrQQa895eflcP8OKo46a6lCQG40KoSSM3BkwqZYbBLSxowALBonuQoiauDOqpAcKwa-lhSavD_3RDfG:1mywga:p2mJ1kkHSfkE8mBcg9qu61FwixgUKrAiSMuIJKSozL0", "expire_date": "2022-01-02T13:57:12.855Z"}}, {"model": "sessions.session", "pk": "bgi0srwsuglxebg61g8brjk882mwzcmo", "fields": {"session_data": ".eJxVjLsOAiEUBf-F2hAubyzt_QZyecmqgWTZrYz_riRbaHtm5ryIx32rfh959UsiZwLk9LsFjI_cJkh3bLdOY2_bugQ6FXrQQa895eflcP8OKo46a6lCQG40KoSSM3BkwqZYbBLSxowALBonuQoiauDOqpAcKwa-lhSavD_3RDfG:1myfla:pif3SgFQhw4CGtrmOseuIxHOcQrIvct89YZjQ8FUIuc", "expire_date": "2022-01-01T19:53:14.220Z"}}, {"model": "sessions.session", "pk": "bt4xbeu2ak7kmbe19y4jopdp18l1j2ln", "fields": {"session_data": ".eJxVjMsOwiAURP-FtSE8Lpfq0r3fQIALUjWQlHZl_Hdp0oWuJplzZt7M-W0tbutpcTOxCwN2-u2Cj89Ud0APX--Nx1bXZQ58V_hBO781Sq_r4f4dFN_LWEuyASCDtDKQQQnRkAAFKJLWYKVB8sFYVCIPL46AadhqMpjPGgX7fAG66zZ3:1n6x4F:ESFU5xuf_m5Ykkvp1Lu8h2PMQQH0SJdW8Tfr2ZHkmdc", "expire_date": "2022-01-24T15:58:43.215Z"}}, {"model": "sessions.session", "pk": "f4pmd3uuvep07epy6t7ym6qcwglldkl0", "fields": {"session_data": ".eJxVjLsOAiEUBf-F2hAubyzt_QZyecmqgWTZrYz_riRbaHtm5ryIx32rfh959UsiZwLk9LsFjI_cJkh3bLdOY2_bugQ6FXrQQa895eflcP8OKo46a6lCQG40KoSSM3BkwqZYbBLSxowALBonuQoiauDOqpAcKwa-lhSavD_3RDfG:1n0O99:PF5kR5QfkNKjoXLSUqBfh7iApycox29pkNnSM5S3Gps", "expire_date": "2022-01-06T13:28:39.550Z"}}, {"model": "sessions.session", "pk": "fgjnanls9gvka3532ljnre6cbcl3euq0", "fields": {"session_data": ".eJxVjLsOAiEUBf-F2hAubyzt_QZyecmqgWTZrYz_riRbaHtm5ryIx32rfh959UsiZwLk9LsFjI_cJkh3bLdOY2_bugQ6FXrQQa895eflcP8OKo46a6lCQG40KoSSM3BkwqZYbBLSxowALBonuQoiauDOqpAcKwa-lhSavD_3RDfG:1nE6bH:7tbcHlHgon8Gevkn8AMYqyDZyMSphxuC-BnL_dnXHF0", "expire_date": "2022-02-13T09:34:23.717Z"}}, {"model": "sessions.session", "pk": "g0c4gh21ajyywrbyyty0w2q9ioy1wbve", "fields": {"session_data": ".eJxVjMsOwiAURP-FtSE8Lpfq0r3fQIALUjWQlHZl_Hdp0oWuJplzZt7M-W0tbutpcTOxCwN2-u2Cj89Ud0APX--Nx1bXZQ58V_hBO781Sq_r4f4dFN_LWEuyASCDtDKQQQnRkAAFKJLWYKVB8sFYVCIPL46AadhqMpjPGgX7fAG66zZ3:1n1zAX:BTwDh1XJ0T2tttHk41Nfgo_i2AdyOzwCjH2TE_o5HGk", "expire_date": "2022-01-10T23:12:41.324Z"}}, {"model": "sessions.session", "pk": "h2yozxdv6eaooj6we2o0f108zjb1p13a", "fields": {"session_data": ".eJxVjLsOAiEUBf-F2hAubyzt_QZyecmqgWTZrYz_riRbaHtm5ryIx32rfh959UsiZwLk9LsFjI_cJkh3bLdOY2_bugQ6FXrQQa895eflcP8OKo46a6lCQG40KoSSM3BkwqZYbBLSxowALBonuQoiauDOqpAcKwa-lhSavD_3RDfG:1n0n8G:vak29fxylFYdCTEoG5iaZUXHfCmr6r-TA0qmyXHTeec", "expire_date": "2022-01-07T16:09:24.728Z"}}, {"model": "sessions.session", "pk": "hpljlk3qk6d6e80zpmku71zn3rgur559", "fields": {"session_data": ".eJxVjMsOwiAURP-FtSE8Lpfq0r3fQIALUjWQlHZl_Hdp0oWuJplzZt7M-W0tbutpcTOxCwN2-u2Cj89Ud0APX--Nx1bXZQ58V_hBO781Sq_r4f4dFN_LWEuyASCDtDKQQQnRkAAFKJLWYKVB8sFYVCIPL46AadhqMpjPGgX7fAG66zZ3:1n7fsL:gcUDCklqPSi7lWjvO8KweRZo_x-yOcEX2kHri_8qzag", "expire_date": "2022-01-26T15:49:25.565Z"}}, {"model": "sessions.session", "pk": "j1qf7gyo5hcneh11pblk5w8da4exynn3", "fields": {"session_data": ".eJxdj8FuwjAQRP_FZwg4TjY2t0hVL6UFoYpws9bGbkyiRGAHIar-e50KVcD1jd7M7jfpzCWQBZmRCTk30x6HUKfSBwwm0uVqqcrjcID1x_tnvateD6x6cWWVb7TbXo8sSnI05ODNSbp9VNInqFA3phsT32uHrdT9ySQ36pNzk2zfVuW4-ujV6OsoFRatSS1wtdeQa6RirjibcwacCxBKgGHcptQWSlGgwKkubKYoQxSQZXksve3-Vbfog2z7L9fdHfb_N_n5BYwhWOE:1nAv0N:DkQ7EGMvojCi0tnsT--AxH0FlUto9HfTTEWus1cNxhI", "expire_date": "2022-02-04T14:35:07.968Z"}}, {"model": "sessions.session", "pk": "kuiww20a4ossz9av0tkulld9852xwkub", "fields": {"session_data": ".eJxVjLsOAiEUBf-F2hAubyzt_QZyecmqgWTZrYz_riRbaHtm5ryIx32rfh959UsiZwLk9LsFjI_cJkh3bLdOY2_bugQ6FXrQQa895eflcP8OKo46a6lCQG40KoSSM3BkwqZYbBLSxowALBonuQoiauDOqpAcKwa-lhSavD_3RDfG:1mzdaC:r4tEcNSplxntHPQSyC76rz3HU-WCITHQSvmZfe3TY4E", "expire_date": "2022-01-04T11:45:28.617Z"}}, {"model": "sessions.session", "pk": "l9gv9qvegv3hu8qlnat02czv1wutztdd", "fields": {"session_data": ".eJxVjMsOwiAURP-FtSE8Lpfq0r3fQIALUjWQlHZl_Hdp0oWuJplzZt7M-W0tbutpcTOxCwN2-u2Cj89Ud0APX--Nx1bXZQ58V_hBO781Sq_r4f4dFN_LWEuyASCDtDKQQQnRkAAFKJLWYKVB8sFYVCIPL46AadhqMpjPGgX7fAG66zZ3:1n9w0H:CGiQ3Wt6GisSbpZglG91ednXojLWl6KD9_HeapVYGv4", "expire_date": "2022-02-01T21:26:57.124Z"}}, {"model": "sessions.session", "pk": "nsqrywruorsrn7qpfllfwih3px6e7s9a", "fields": {"session_data": ".eJxVjLsOAiEUBf-F2hAubyzt_QZyecmqgWTZrYz_riRbaHtm5ryIx32rfh959UsiZwLk9LsFjI_cJkh3bLdOY2_bugQ6FXrQQa895eflcP8OKo46a6lCQG40KoSSM3BkwqZYbBLSxowALBonuQoiauDOqpAcKwa-lhSavD_3RDfG:1mzL4O:0unet01_vV9B2ND1EXET37yCTJ7olpBtQJlU4rTKu6M", "expire_date": "2022-01-03T15:59:24.426Z"}}, {"model": "sessions.session", "pk": "o9kj3zj2f6nas1295j0fngdh7me76il5", "fields": {"session_data": ".eJxVj8FOwzAQRP_FZwhxnGzW3ECtOKCmPQCCk7V2bWI5SqrYrZBQ_x0HVYhe3-jN7H6z0X4lds_u2A07hduJjqmvVEyUbKZPMdqmLVeHl2797hFeH0PYdPN2R10zfqDPkloMdYx2Vn6flUpcQ00m2HFJ4mQ8DcpMsy0uNBanULw9bx-W1Wuvp9hnqXXkbOUA9d5AY4jLUqMoUQCiBKklWIGu4q7VmgMH5KZ1teaCSEJdN7n0svtbPVBMapg-_fjvsL-_2fkHRkhYkg:1nAv0S:JPuOnMpVTR3LSHyrUclUAUeePNrZ50ERVDJ5JXmkxqs", "expire_date": "2022-02-04T14:35:12.797Z"}}, {"model": "sessions.session", "pk": "plb9c2ndigjg3rqlth3k2izjmod8z74p", "fields": {"session_data": ".eJxVjLsOAiEUBf-F2hAubyzt_QZyecmqgWTZrYz_riRbaHtm5ryIx32rfh959UsiZwLk9LsFjI_cJkh3bLdOY2_bugQ6FXrQQa895eflcP8OKo46a6lCQG40KoSSM3BkwqZYbBLSxowALBonuQoiauDOqpAcKwa-lhSavD_3RDfG:1n87Ck:Z36SYRrjOPF20DN52NPZikmPfeVFgk_HUo-NmOt9KOg", "expire_date": "2022-01-27T21:00:18.180Z"}}, {"model": "sessions.session", "pk": "pyk1jhst9wmof32dbh7s6l44sjdaz0o5", "fields": {"session_data": ".eJxVjLsOAiEUBf-F2hAubyzt_QZyecmqgWTZrYz_riRbaHtm5ryIx32rfh959UsiZwLk9LsFjI_cJkh3bLdOY2_bugQ6FXrQQa895eflcP8OKo46a6lCQG40KoSSM3BkwqZYbBLSxowALBonuQoiauDOqpAcKwa-lhSavD_3RDfG:1nCJeD:Qk04b9Zg1hUCUfhQeHwzTXBGQfsFzvDP53hIZv9mSUo", "expire_date": "2022-02-08T11:06:01.798Z"}}, {"model": "sessions.session", "pk": "r0v35zfz5vak3ugu9vhh9xijr09o7zhs", "fields": {"session_data": ".eJxVjMsOwiAURP-FtSE8Lpfq0r3fQIALUjWQlHZl_Hdp0oWuJplzZt7M-W0tbutpcTOxCwN2-u2Cj89Ud0APX--Nx1bXZQ58V_hBO781Sq_r4f4dFN_LWEuyASCDtDKQQQnRkAAFKJLWYKVB8sFYVCIPL46AadhqMpjPGgX7fAG66zZ3:1n5s5o:jH3RMh7bFCBHukexB10oGlz_9ZCEoCY5mpv5qW8YgpM", "expire_date": "2022-01-21T16:27:52.791Z"}}, {"model": "sessions.session", "pk": "r7uu72y16xvi46tgyasypj0yvn58e1rs", "fields": {"session_data": ".eJxVjLsOAiEUBf-F2hAubyzt_QZyecmqgWTZrYz_riRbaHtm5ryIx32rfh959UsiZwLk9LsFjI_cJkh3bLdOY2_bugQ6FXrQQa895eflcP8OKo46a6lCQG40KoSSM3BkwqZYbBLSxowALBonuQoiauDOqpAcKwa-lhSavD_3RDfG:1nEpac:OAspOP7MrDu0Y4k2HzIzEvV18K1cITguZlamkM5zNMo", "expire_date": "2022-02-15T09:36:42.559Z"}}, {"model": "sessions.session", "pk": "rkbka80weznldlt94c519ligl7eukzsb", "fields": {"session_data": ".eJxVjMsOwiAURP-FtSE8Lpfq0r3fQIALUjWQlHZl_Hdp0oWuJplzZt7M-W0tbutpcTOxCwN2-u2Cj89Ud0APX--Nx1bXZQ58V_hBO781Sq_r4f4dFN_LWEuyASCDtDKQQQnRkAAFKJLWYKVB8sFYVCIPL46AadhqMpjPGgX7fAG66zZ3:1nC4i5:QUXJZ1hvNWc0D7ELqpOjhd74Frf8l0nTb68E0KHyv8I", "expire_date": "2022-02-07T19:09:01.580Z"}}, {"model": "sessions.session", "pk": "s60z79k2yav1fmf5vfs8uhkqoljptrir", "fields": {"session_data": ".eJxVjMsOwiAURP-FtSE8Lpfq0r3fQIALUjWQlHZl_Hdp0oWuJplzZt7M-W0tbutpcTOxCwN2-u2Cj89Ud0APX--Nx1bXZQ58V_hBO781Sq_r4f4dFN_LWEuyASCDtDKQQQnRkAAFKJLWYKVB8sFYVCIPL46AadhqMpjPGgX7fAG66zZ3:1n8wGX:apxRGJmA3W-bhxEh_jTk3SSvjRTeQGYSgdtZKKdZK7U", "expire_date": "2022-01-30T03:31:37.053Z"}}, {"model": "sessions.session", "pk": "s7ndfkzqxtipiinjtapgqi19ym5uom7n", "fields": {"session_data": ".eJxVjLsOAiEUBf-F2hAubyzt_QZyecmqgWTZrYz_riRbaHtm5ryIx32rfh959UsiZwLk9LsFjI_cJkh3bLdOY2_bugQ6FXrQQa895eflcP8OKo46a6lCQG40KoSSM3BkwqZYbBLSxowALBonuQoiauDOqpAcKwa-lhSavD_3RDfG:1n9UhQ:8iMGGP4mGdNkoW6IxAULbVdhNCm4WR_z2_JTnTivFlQ", "expire_date": "2022-01-31T16:17:40.218Z"}}, {"model": "sessions.session", "pk": "u0cfsn2kjtz54m1ex3cxpqm3s3va7607", "fields": {"session_data": ".eJxVjLsOAiEUBf-F2hAubyzt_QZyecmqgWTZrYz_riRbaHtm5ryIx32rfh959UsiZwLk9LsFjI_cJkh3bLdOY2_bugQ6FXrQQa895eflcP8OKo46a6lCQG40KoSSM3BkwqZYbBLSxowALBonuQoiauDOqpAcKwa-lhSavD_3RDfG:1n1kMZ:L7-f7TJ6tc7AmIP6ECeFNx9CFpq70Swlq-_aVfzQuC4", "expire_date": "2022-01-10T07:24:07.002Z"}}, {"model": "sessions.session", "pk": "xooujetbhfbf25562sjp2qatvkscla7m", "fields": {"session_data": ".eJxVjLsOAiEUBf-F2hAubyzt_QZyecmqgWTZrYz_riRbaHtm5ryIx32rfh959UsiZwLk9LsFjI_cJkh3bLdOY2_bugQ6FXrQQa895eflcP8OKo46a6lCQG40KoSSM3BkwqZYbBLSxowALBonuQoiauDOqpAcKwa-lhSavD_3RDfG:1myDYh:5NXfpz-TWVk7TSVjfrmzMfpwNBo4yer1vrtCYWX8FsU", "expire_date": "2021-12-31T13:46:03.510Z"}}, {"model": "sessions.session", "pk": "zfsxlkw5v5u6ijgsfixz8rjt2t0yrl65", "fields": {"session_data": ".eJxVjMsOwiAURP-FtSE8Lpfq0r3fQIALUjWQlHZl_Hdp0oWuJplzZt7M-W0tbutpcTOxCwN2-u2Cj89Ud0APX--Nx1bXZQ58V_hBO781Sq_r4f4dFN_LWEuyASCDtDKQQQnRkAAFKJLWYKVB8sFYVCIPL46AadhqMpjPGgX7fAG66zZ3:1n2CiF:vNTLZXUxrTlN4p6oSXDqZZ4Izz5HlsjI8a0E6BTR2Fw", "expire_date": "2022-01-11T13:40:23.458Z"}}, {"model": "sessions.session", "pk": "zosm8x0f8294947hsmtnpzuoxshtdj2c", "fields": {"session_data": ".eJxVjMsOwiAURP-FtSE8Lpfq0r3fQIALUjWQlHZl_Hdp0oWuJplzZt7M-W0tbutpcTOxCwN2-u2Cj89Ud0APX--Nx1bXZQ58V_hBO781Sq_r4f4dFN_LWEuyASCDtDKQQQnRkAAFKJLWYKVB8sFYVCIPL46AadhqMpjPGgX7fAG66zZ3:1n27wr:Lqzc73D8W3-dVteMpGnkue4JYhCr8k2iH1W4wteh3zw", "expire_date": "2022-01-11T08:35:09.609Z"}}, {"model": "social_django.usersocialauth", "pk": 7, "fields": {"user": 23, "provider": "vk-oauth2", "uid": "27108544", "extra_data": "{\"auth_time\": 1643199833, \"id\": 27108544, \"expires\": 86400, \"access_token\": \"c1eb75da7ec87a74a78498385f3ac0253bd0f10c8c8688a70e43025c98185458677e68ce6bed64df8e132\", \"token_type\": null}", "created": "2022-01-21T14:29:50.009Z", "modified": "2022-01-26T12:23:53.984Z"}}, {"model": "mainapp.productcategory", "pk": 1, "fields": {"name": "стулья", "description": "надежная опора", "is_active": true}}, {"model": "mainapp.productcategory", "pk": 2, "fields": {"name": "кресла", "description": "непревзойденное сочетание удобства и комфорта", "is_active": true}}, {"model": "mainapp.productcategory", "pk": 3, "fields": {"name": "диваны", "description": "удобные диваны", "is_active": true}}, {"model": "mainapp.productcategory", "pk": 4, "fields": {"name": "кровати", "description": "качественные кровати", "is_active": true}}, {"model": "mainapp.productcategory", "pk": 5, "fields": {"name": "шезлонги", "description": "шезлонги для спокойного отдыха", "is_active": false}}, {"model": "mainapp.productcategory", "pk": 6, "fields": {"name": "Гамаки", "description": "Элегантные решения для любого интерьера", "is_active": false}}, {"model": "mainapp.product", "pk": 1, "fields": {"category": 1, "name": "трон", "image": "products_images/product-85.jpg", "short_desc": "почувствуйте себя правителем", "description": "данный стул стилизован под трон, маленький но трон. Приходите - покупайте.", "price": "9987.00", "quantity": 118, "is_active": true}}, {"model": "mainapp.product", "pk": 2, "fields": {"category": 1, "name": "мягкий стул", "image": "products_images/product-84.jpg", "short_desc": "почувствуйте непревзойденную мягкость бытия", "description": "качественные материалы повышенного качества", "price": "6870.00", "quantity": 24, "is_active": true}}, {"model": "mainapp.product", "pk": 3, "fields": {"category": 2, "name": "Юпитер-18", "image": "products_images/product-82.jpg", "short_desc": "удобное, поворотное кресло с микролифтом.", "description": "Данное кресло оборудовано системой амортизации, микролифтом, возможностью вращения на 180 Гр. Можно адаптировать для любого рабочего места. Материал обшивки - износостойкая экокожа. Доступны в различных цветовых гаммах.", "price": "8451.00", "quantity": 17, "is_active": true}}, {"model": "mainapp.product", "pk": 4, "fields": {"category": 1, "name": "удобный стул", "image": "products_images/product-81.jpg", "short_desc": "настоящая забота о своей осанке.", "description": "отличное сочетание цены и качества.", "price": "5823.00", "quantity": 101, "is_active": true}}, {"model": "mainapp.product", "pk": 5, "fields": {"category": 2, "name": "кожаное кресло", "image": "products_images/product-83.jpg", "short_desc": "для тех кто любит настоящий комфорт.", "description": "изготовлено из шкуры последнего мамонта заблудившегося в брянских лесах.", "price": "15072.00", "quantity": 6, "is_active": true}}, {"model": "mainapp.product", "pk": 6, "fields": {"category": 1, "name": "Смайл-14", "image": "products_images/product-4_0DpKswu.jpg", "short_desc": "удобный, легкий стул с современным дизайном", "description": "Недорогой стул с тканевой обивкой в дизайнерском исполнении.", "price": "4561.00", "quantity": 98, "is_active": true}}, {"model": "mainapp.product", "pk": 7, "fields": {"category": 3, "name": "метеор-82", "image": "products_images/product-3-sm_yrEpT1h.jpg", "short_desc": "Превосходный комфорт", "description": "Диван с тканевой обивкой, от которой легко оттираются любые загрязнения - подойдет для любой вечеринки.", "price": "15800.00", "quantity": 2, "is_active": false}}, {"model": "authapp.shopuser", "pk": 1, "fields": {"password": "pbkdf2_sha256$260000$hb67PhL4zKjJMpssv8fZtU$/H92WH/9HRsDR3DE+zbSazx8Kvn1P5gPHY0c5JoZXFk=", "last_login": "2022-02-01T09:36:42.337Z", "is_superuser": true, "username": "django", "first_name": "Django", "last_name": "django", "email": "django@geekshop.local", "is_staff": true, "is_active": true, "date_joined": "2021-12-17T13:37:59Z", "avatar": "users_avatars/django-avatar.jpg", "age": 33, "activation_key": "", "activation_key_expires": "2022-01-17T09:31:36Z", "groups": [], "user_permissions": []}}, {"model": "authapp.shopuser", "pk": 4, "fields": {"password": "pbkdf2_sha256$260000$P6UX7nAUMhOzXAY8QJVaMW$xoM+/h6mlythVO24kG+81UL5Fjp2eSRYdLheWt7bctw=", "last_login": "2022-01-25T08:53:06.437Z", "is_superuser": true, "username": "Superuser", "first_name": "Maksim", "last_name": "Sapunov", "email": "Jenny6199@yandex.ru", "is_staff": true, "is_active": true, "date_joined": "2021-12-24T16:10:55Z", "avatar": "", "age": 38, "activation_key": "", "activation_key_expires": "2022-01-17T09:31:36.938Z", "groups": [], "user_permissions": []}}, {"model": "authapp.shopuser", "pk": 10, "fields": {"password": "pbkdf2_sha256$260000$Odibvb6qhzKKvs9YfydJ9R$6LRGrHuHv/9oHFzbGWUBV8qFzlH0Ns1kaSB0DHhhB0Y=", "last_login": null, "is_superuser": false, "username": "User_5", "first_name": "Marina", "last_name": "", "email": "marina51@localhost", "is_staff": false, "is_active": false, "date_joined": "2022-01-15T22:08:54.147Z", "avatar": "", "age": 41, "activation_key": "09d5de3c44f3bdac59aedc8d62bceb22daec6988", "activation_key_expires": "2022-01-17T22:07:05.137Z", "groups": [], "user_permissions": []}}, {"model": "authapp.shopuser", "pk": 13, "fields": {"password": "pbkdf2_sha256$260000$pyU5ylxjQopYsgyylUIWSF$ey4OOL19lOa/76+z2V9PMyf6G8Xx8higsi8ewCMr1pw=", "last_login": null, "is_superuser": false, "username": "test_user_3", "first_name": "tu_3", "last_name": "", "email": "tu_3@localhost", "is_staff": false, "is_active": false, "date_joined": "2022-01-15T23:30:41.902Z", "avatar": "", "age": 33, "activation_key": "6f3d3243a3842d4a81d999586bce1943c3c6b3a9", "activation_key_expires": "2022-01-17T23:26:05.493Z", "groups": [], "user_permissions": []}}, {"model": "authapp.shopuser", "pk": 14, "fields": {"password": "pbkdf2_sha256$260000$sQBbq2xKK97OdJ99a9rFwI$evR6F8Trmln81gUbW3iHwBP9xJHjM8jsRSLgt/Bfx24=", "last_login": "2022-01-15T23:55:51.720Z", "is_superuser": false, "username": "zina_88", "first_name": "zinaida", "last_name": "", "email": "zinaida@localhost", "is_staff": false, "is_active": true, "date_joined": "2022-01-15T23:55:13.256Z", "avatar": "", "age": 66, "activation_key": "179db8aa13a9f8bfcd3f7d80e0012026f784182f", "activation_key_expires": "2022-01-17T23:26:05.493Z", "groups": [], "user_permissions": []}}, {"model": "authapp.shopuser", "pk": 23, "fields": {"password": "!rKIToBYOtkgKThjp0ddhSVCB9UfEbaHUR8GxtdV3", "last_login": "2022-01-26T12:23:54.340Z", "is_superuser": false, "username": "id27108544", "first_name": "Максим", "last_name": "Сапунов", "email": "Jenny6199@yandex.ru", "is_staff": false, "is_active": true, "date_joined": "2022-01-21T14:29:17.913Z", "avatar": "", "age": 39, "activation_key": "", "activation_key_expires": "2022-01-23T14:29:07.808Z", "groups": [], "user_permissions": []}}, {"model": "authapp.shopuserprofile", "pk": 1, "fields": {"user": 1, "tagline": "Django", "aboutMe": "Назван в честь Django Reinhard", "gender": "M"}}, {"model": "authapp.shopuserprofile", "pk": 4, "fields": {"user": 4, "tagline": "", "aboutMe": "", "gender": ""}}, {"model": "authapp.shopuserprofile", "pk": 10, "fields": {"user": 10, "tagline": "", "aboutMe": "", "gender": ""}}, {"model": "authapp.shopuserprofile", "pk": 13, "fields": {"user": 13, "tagline": "", "aboutMe": "", "gender": ""}}, {"model": "authapp.shopuserprofile", "pk": 14, "fields": {"user": 14, "tagline": "", "aboutMe": "", "gender": ""}}, {"model": "authapp.shopuserprofile", "pk": 23, "fields": {"user": 23, "tagline": "", "aboutMe": "Hello world!", "gender": "M"}}, {"model": "basketapp.basket", "pk": 20, "fields": {"user": 4, "product": 2, "quantity": 1, "add_datetime": "2022-01-13T20:55:13.514Z"}}, {"model": "basketapp.basket", "pk": 24, "fields": {"user": 4, "product": 5, "quantity": 1, "add_datetime": "2022-01-19T00:01:56.798Z"}}, {"model": "ordersapp.order", "pk": 1, "fields": {"user": 1, "created": "2022-01-25T16:00:03.542Z", "updated": "2022-01-25T16:16:35.561Z", "status": "FM", "is_active": false}}, {"model": "ordersapp.order", "pk": 2, "fields": {"user": 1, "created": "2022-01-25T16:17:33.507Z", "updated": "2022-01-28T15:17:55.331Z", "status": "FM", "is_active": false}}, {"model": "ordersapp.order", "pk": 3, "fields": {"user": 1, "created": "2022-01-25T16:19:17.047Z", "updated": "2022-01-28T15:18:09.630Z", "status": "STP", "is_active": true}}, {"model": "ordersapp.order", "pk": 4, "fields": {"user": 1, "created": "2022-01-25T16:41:32.858Z", "updated": "2022-01-28T15:17:43.759Z", "status": "FM", "is_active": false}}, {"model": "ordersapp.order", "pk": 5, "fields": {"user": 23, "created": "2022-01-26T12:24:45.353Z", "updated": "2022-01-26T12:24:45.541Z", "status": "FM", "is_active": true}}, {"model": "ordersapp.order", "pk": 6, "fields": {"user": 23, "created": "2022-01-26T13:22:35.510Z", "updated": "2022-01-26T13:22:35.704Z", "status": "FM", "is_active": true}}, {"model": "ordersapp.order", "pk": 7, "fields": {"user": 23, "created": "2022-01-26T14:08:04.663Z", "updated": "2022-01-26T14:08:04.916Z", "status": "FM", "is_active": true}}, {"model": "ordersapp.order", "pk": 8, "fields": {"user": 1, "created": "2022-01-28T15:18:26.816Z", "updated": "2022-01-28T15:33:43.229Z", "status": "STP", "is_active": true}}, {"model": "ordersapp.order", "pk": 9, "fields": {"user": 1, "created": "2022-01-28T15:22:37.529Z", "updated": "2022-01-30T10:31:13.625Z", "status": "FM", "is_active": false}}, {"model": "ordersapp.order", "pk": 10, "fields": {"user": 1, "created": "2022-01-28T15:33:54.383Z", "updated": "2022-01-30T10:26:16.517Z", "status": "FM", "is_active": false}}, {"model": "ordersapp.order", "pk": 11, "fields": {"user": 1, "created": "2022-01-30T10:29:35.245Z", "updated": "2022-01-30T10:29:50.759Z", "status": "FM", "is_active": false}}, {"model": "ordersapp.order", "pk": 12, "fields": {"user": 1, "created": "2022-01-30T11:26:39.051Z", "updated": "2022-01-30T11:27:19.632Z", "status": "FM", "is_active": false}}, {"model": "ordersapp.order", "pk": 13, "fields": {"user": 1, "created": "2022-01-30T19:54:38.700Z", "updated": "2022-01-30T22:46:20.934Z", "status": "FM", "is_active": false}}, {"model": "ordersapp.order", "pk": 14, "fields": {"user": 1, "created": "2022-01-30T20:21:51.339Z", "updated": "2022-01-30T22:32:43.568Z", "status": "FM", "is_active": false}}, {"model": "ordersapp.order", "pk": 15, "fields": {"user": 1, "created": "2022-01-30T21:33:50.027Z", "updated": "2022-01-30T22:00:50.295Z", "status": "FM", "is_active": false}}, {"model": "ordersapp.order", "pk": 16, "fields": {"user": 1, "created": "2022-01-30T21:59:51.783Z", "updated": "2022-01-30T22:00:32.400Z", "status": "FM", "is_active": false}}, {"model": "ordersapp.order", "pk": 17, "fields": {"user": 1, "created": "2022-01-30T22:20:51.730Z", "updated": "2022-01-30T22:21:05.460Z", "status": "FM", "is_active": false}}, {"model": "ordersapp.order", "pk": 18, "fields": {"user": 1, "created": "2022-01-30T23:18:44.839Z", "updated": "2022-01-30T23:19:19.090Z", "status": "FM", "is_active": false}}, {"model": "ordersapp.order", "pk": 19, "fields": {"user": 1, "created": "2022-01-30T23:20:40.351Z", "updated": "2022-01-30T23:28:48.499Z", "status": "FM", "is_active": false}}, {"model": "ordersapp.order", "pk": 20, "fields": {"user": 1, "created": "2022-01-30T23:24:55.211Z", "updated": "2022-01-30T23:25:07.676Z", "status": "FM", "is_active": false}}, {"model": "ordersapp.order", "pk": 21, "fields": {"user": 1, "created": "2022-01-30T23:29:06.957Z", "updated": "2022-01-31T19:09:29.393Z", "status": "FM", "is_active": true}}, {"model": "ordersapp.order", "pk": 22, "fields": {"user": 1, "created": "2022-01-30T23:48:30.462Z", "updated": "2022-01-30T23:49:10.983Z", "status": "FM", "is_active": false}}, {"model": "ordersapp.order", "pk": 23, "fields": {"user": 1, "created": "2022-01-30T23:53:08.484Z", "updated": "2022-01-30T23:53:35.789Z", "status": "FM", "is_active": false}}, {"model": "ordersapp.order", "pk": 24, "fields": {"user": 1, "created": "2022-01-31T12:39:04.483Z", "updated": "2022-01-31T19:08:59.415Z", "status": "FM", "is_active": false}}, {"model": "ordersapp.order", "pk": 25, "fields": {"user": 1, "created": "2022-01-31T16:32:17.942Z", "updated": "2022-01-31T19:07:11.967Z", "status": "FM", "is_active": false}}, {"model": "ordersapp.order", "pk": 26, "fields": {"user": 1, "created": "2022-01-31T19:10:34.406Z", "updated": "2022-02-01T10:24:00.746Z", "status": "FM", "is_active": false}}, {"model": "ordersapp.order", "pk": 27, "fields": {"user": 1, "created": "2022-01-31T20:29:41.336Z", "updated": "2022-01-31T20:29:41.653Z", "status": "FM", "is_active": false}}, {"model": "ordersapp.order", "pk": 28, "fields": {"user": 1, "created": "2022-01-31T20:39:40.814Z", "updated": "2022-01-31T22:03:05.131Z", "status": "FM", "is_active": false}}, {"model": "ordersapp.order", "pk": 29, "fields": {"user": 1, "created": "2022-02-01T10:40:30.745Z", "updated": "2022-02-01T10:54:37.698Z", "status": "FM", "is_active": true}}, {"model": "ordersapp.orderitem", "pk": 1, "fields": {"order": 1, "product": 1, "quantity": 3}}, {"model": "ordersapp.orderitem", "pk": 2, "fields": {"order": 2, "product": 5, "quantity": 3}}, {"model": "ordersapp.orderitem", "pk": 3, "fields": {"order": 3, "product": 4, "quantity": 2}}, {"model": "ordersapp.orderitem", "pk": 4, "fields": {"order": 4, "product": 3, "quantity": 3}}, {"model": "ordersapp.orderitem", "pk": 5, "fields": {"order": 5, "product": 5, "quantity": 3}}, {"model": "ordersapp.orderitem", "pk": 6, "fields": {"order": 6, "product": 7, "quantity": 1}}, {"model": "ordersapp.orderitem", "pk": 7, "fields": {"order": 7, "product": 2, "quantity": 1}}, {"model": "ordersapp.orderitem", "pk": 8, "fields": {"order": 7, "product": 7, "quantity": 1}}, {"model": "ordersapp.orderitem", "pk": 9, "fields": {"order": 7, "product": 3, "quantity": 3}}, {"model": "ordersapp.orderitem", "pk": 10, "fields": {"order": 4, "product": 5, "quantity": 1}}, {"model": "ordersapp.orderitem", "pk": 11, "fields": {"order": 4, "product": 2, "quantity": 2}}, {"model": "ordersapp.orderitem", "pk": 12, "fields": {"order": 8, "product": 5, "quantity": 3}}, {"model": "ordersapp.orderitem", "pk": 13, "fields": {"order": 8, "product": 4, "quantity": 1}}, {"model": "ordersapp.orderitem", "pk": 14, "fields": {"order": 9, "product": 7, "quantity": 1}}, {"model": "ordersapp.orderitem", "pk": 15, "fields": {"order": 9, "product": 6, "quantity": 4}}, {"model": "ordersapp.orderitem", "pk": 16, "fields": {"order": 10, "product": 5, "quantity": 2}}, {"model": "ordersapp.orderitem", "pk": 17, "fields": {"order": 10, "product": 3, "quantity": 3}}, {"model": "ordersapp.orderitem", "pk": 18, "fields": {"order": 10, "product": 4, "quantity": 3}}, {"model": "ordersapp.orderitem", "pk": 19, "fields": {"order": 11, "product": 5, "quantity": 1}}, {"model": "ordersapp.orderitem", "pk": 20, "fields": {"order": 11, "product": 4, "quantity": 5}}, {"model": "ordersapp.orderitem", "pk": 22, "fields": {"order": 9, "product": 4, "quantity": 5}}, {"model": "ordersapp.orderitem", "pk": 23, "fields": {"order": 12, "product": 1, "quantity": 10}}, {"model": "ordersapp.orderitem", "pk": 24, "fields": {"order": 13, "product": 1, "quantity": 10}}, {"model": "ordersapp.orderitem", "pk": 25, "fields": {"order": 13, "product": 3, "quantity": 8}}, {"model": "ordersapp.orderitem", "pk": 26, "fields": {"order": 14, "product": 1, "quantity": 100}}, {"model": "ordersapp.orderitem", "pk": 27, "fields": {"order": 14, "product": 1, "quantity": 5}}, {"model": "ordersapp.orderitem", "pk": 28, "fields": {"order": 15, "product": 7, "quantity": 2}}, {"model": "ordersapp.orderitem", "pk": 29, "fields": {"order": 16, "product": 5, "quantity": 3}}, {"model": "ordersapp.orderitem", "pk": 30, "fields": {"order": 17, "product": 3, "quantity": 4}}, {"model": "ordersapp.orderitem", "pk": 31, "fields": {"order": 18, "product": 2, "quantity": 3}}, {"model": "ordersapp.orderitem", "pk": 32, "fields": {"order": 19, "product": 2, "quantity": 7}}, {"model": "ordersapp.orderitem", "pk": 33, "fields": {"order": 20, "product": 2, "quantity": 17}}, {"model": "ordersapp.orderitem", "pk": 35, "fields": {"order": 22, "product": 3, "quantity": 1}}, {"model": "ordersapp.orderitem", "pk": 36, "fields": {"order": 22, "product": 4, "quantity": 2}}, {"model": "ordersapp.orderitem", "pk": 37, "fields": {"order": 23, "product": 4, "quantity": 2}}, {"model": "ordersapp.orderitem", "pk": 38, "fields": {"order": 21, "product": 1, "quantity": 2}}, {"model": "ordersapp.orderitem", "pk": 39, "fields": {"order": 24, "product": 3, "quantity": 6}}, {"model": "ordersapp.orderitem", "pk": 40, "fields": {"order": 24, "product": 5, "quantity": 1}}, {"model": "ordersapp.orderitem", "pk": 41, "fields": {"order": 24, "product": 1, "quantity": 2}}, {"model": "ordersapp.orderitem", "pk": 42, "fields": {"order": 25, "product": 2, "quantity": 10}}, {"model": "ordersapp.orderitem", "pk": 43, "fields": {"order": 24, "product": 2, "quantity": 2}}, {"model": "ordersapp.orderitem", "pk": 45, "fields": {"order": 28, "product": 1, "quantity": 2}}, {"model": "ordersapp.orderitem", "pk": 46, "fields": {"order": 28, "product": 3, "quantity": 1}}, {"model": "ordersapp.orderitem", "pk": 47, "fields": {"order": 29, "product": 5, "quantity": 1}}, {"model": "ordersapp.orderitem", "pk": 48, "fields": {"order": 29, "product": 6, "quantity": 2}}, {"model": "ordersapp.orderitem", "pk": 49, "fields": {"order": 29, "product": 4, "quantity": 1}}]